Condition,Primary Modalities,Brief Explanation,Species
Arthritis,"Acupuncture, Chiropractic, Physical Therapy/Rehabilitation, Laser Therapy, Stem Cell Therapy",Acupuncture and laser therapy reduce joint pain and inflammation while chiropractic and physical rehabilitation restore mobility and slow progression.,All
Anxiety/Stress,"Acupuncture, Flower Essence Therapy, Essential Oil Therapy, Massage Therapy, Homeopathy",Acupuncture calms the nervous system while flower essences and essential oils address the emotional roots of anxiety without sedating side effects.,All
Allergies,"Acupuncture, Herbal Medicine, Nutritional Therapy, Homeopathy",Nutritional therapy identifies dietary triggers while acupuncture and herbal medicine modulate the immune response that drives allergic reactions.,All
Digestive Issues,"Traditional Chinese Veterinary Medicine, Herbal Medicine, Nutritional Therapy, Acupuncture",TCVM and herbal medicine address root imbalances in gut function, while nutritional therapy optimizes diet to reduce inflammation and support the microbiome.,All
Cancer Support,"Herbal Medicine, Nutritional Therapy, Acupuncture, Ozone Therapy",These modalities do not treat cancer directly but help manage pain, support the immune system, and improve quality of life alongside conventional oncology care.,All
Chronic Pain,"Acupuncture, Laser Therapy, Chiropractic, Prolotherapy, Physical Therapy/Rehabilitation",Acupuncture and laser therapy interrupt pain signals at the neurological level while chiropractic and prolotherapy address the structural causes of persistent pain.,All
Skin Conditions,"Herbal Medicine, Nutritional Therapy, Ozone Therapy, Homeopathy, Essential Oil Therapy",Skin problems often reflect internal imbalances — herbal medicine and nutritional therapy address root causes while ozone and essential oil therapies support topical healing.,All
Seizures,"Acupuncture, Traditional Chinese Veterinary Medicine, Nutritional Therapy",Acupuncture and TCVM have evidence supporting reduced seizure frequency, while ketogenic-style nutritional therapy may reduce neurological excitability in some patients.,"Dogs, Cats"
Post-Surgery Recovery,"Physical Therapy/Rehabilitation, Hydrotherapy, Laser Therapy, Massage Therapy, Acupuncture",Hydrotherapy and physical therapy restore muscle strength and range of motion after surgery while laser therapy accelerates tissue healing and acupuncture manages post-operative pain.,All
Behavioral Issues,"Flower Essence Therapy, Acupuncture, Essential Oil Therapy, Homeopathy, Traditional Chinese Veterinary Medicine",Flower essences and aromatherapy provide gentle emotional support, while acupuncture and TCVM address underlying physiological imbalances that can drive difficult behaviors.,All
Obesity,"Nutritional Therapy, Hydrotherapy, Physical Therapy/Rehabilitation",Nutritional therapy creates an evidence-based weight management plan, and hydrotherapy provides low-impact exercise that protects joints stressed by excess weight.,"Dogs, Cats"
Kidney Disease,"Nutritional Therapy, Acupuncture, Herbal Medicine",A renal-supportive diet is the cornerstone of kidney disease management, with acupuncture and herbal medicine used to improve circulation and reduce the buildup of metabolic waste.,All
Heart Disease,"Nutritional Therapy, Herbal Medicine, Acupuncture",Nutritional therapy supports cardiac function through targeted supplementation while herbal medicine and acupuncture help manage fluid retention and circulation.,"Dogs, Cats"
Dental Health,"Ozone Therapy, Herbal Medicine, Nutritional Therapy",Ozone therapy is used to treat periodontal infection and reduce oral bacteria, while herbal rinses and appropriate diet minimize plaque buildup and systemic inflammation.,All
Senior Pet Care,"Acupuncture, Physical Therapy/Rehabilitation, Laser Therapy, Massage Therapy, Nutritional Therapy, Traditional Chinese Veterinary Medicine",Senior pets benefit from a combination of pain management, mobility support, and immune-boosting nutrition — holistic modalities help maintain quality of life with fewer drug side effects.,All
Hip Dysplasia,"Acupuncture, Chiropractic, Hydrotherapy, Stem Cell Therapy, Prolotherapy",Hip dysplasia requires a multimodal approach — prolotherapy and stem cell therapy rebuild joint stability while acupuncture, chiropractic, and hydrotherapy manage pain and preserve function.,"Dogs, Horses"
Immune Disorders,"Traditional Chinese Veterinary Medicine, Herbal Medicine, Ozone Therapy, Nutritional Therapy",TCVM and herbal medicine modulate immune overactivation or underactivity, while ozone therapy and targeted nutrition strengthen the body's defenses against pathogens and autoimmune flares.,All
Respiratory Issues,"Traditional Chinese Veterinary Medicine, Herbal Medicine, Acupuncture, Essential Oil Therapy",TCVM and herbal medicine are traditionally used to support lung Qi and clear phlegm, while acupuncture reduces bronchial inflammation and aromatherapy provides symptomatic relief.,"Dogs, Cats"
Ligament Injuries,"Prolotherapy, Physical Therapy/Rehabilitation, Acupuncture, Hydrotherapy, Stem Cell Therapy",Prolotherapy stimulates the regrowth of weakened ligament fibers while physical therapy and hydrotherapy restore strength and prevent re-injury during recovery.,"Dogs, Horses"
Neurological Conditions,"Acupuncture, Traditional Chinese Veterinary Medicine, Physical Therapy/Rehabilitation, Laser Therapy",Acupuncture has the strongest evidence base for neurological recovery, stimulating nerve regeneration and reducing spinal inflammation while physical therapy rebuilds motor function.,All
