Specialty Name,Description,Related Conditions,Slug,Species
Acupuncture,"Acupuncture is an ancient healing practice that involves inserting thin needles into specific points on the body to stimulate healing and restore balance. In veterinary medicine, acupuncture is used to treat a wide range of conditions and can be particularly effective for pain management, neurological issues, and chronic diseases.","Pain management, arthritis, hip dysplasia, intervertebral disc disease, allergies, digestive disorders, anxiety",acupuncture,All
Chiropractic,"Veterinary chiropractic care focuses on the diagnosis and treatment of mechanical disorders of the musculoskeletal system, especially the spine. Adjustments help restore proper alignment and movement, which can improve nerve function and overall health.","Back pain, neck pain, limping, muscle spasms, post-surgical recovery, athletic injuries, mobility issues",chiropractic,All
Herbal Medicine,"Herbal medicine uses plants and plant extracts to treat illness and promote health. Veterinary herbalists may use Western herbs, Chinese herbs, or Ayurvedic herbs depending on their training and the patient's needs.","Digestive issues, skin conditions, immune support, liver disease, kidney disease, cancer support, anxiety",herbal-medicine,All
Homeopathy,"Homeopathy is a system of alternative medicine based on the principle of 'like cures like.' Practitioners use highly diluted substances to trigger the body's natural healing responses.","Chronic diseases, behavioral issues, allergies, skin conditions, digestive disorders, fear and anxiety",homeopathy,All
Nutritional Therapy,"Nutritional therapy focuses on using diet and supplements to prevent and treat disease. A veterinary nutritionist can create customized diet plans to address specific health conditions.","Obesity, diabetes, kidney disease, food allergies, inflammatory bowel disease, cancer support, skin conditions",nutritional-therapy,All
Traditional Chinese Veterinary Medicine,"TCVM is a comprehensive medical system that includes acupuncture, herbal medicine, food therapy, and Tui-na (medical massage). It's based on ancient Chinese philosophy and focuses on restoring balance and harmony in the body.","Chronic pain, digestive disorders, respiratory issues, neurological conditions, immune disorders, geriatric care",traditional-chinese-veterinary-medicine,All
Physical Therapy/Rehabilitation,"Veterinary physical therapy and rehabilitation uses techniques like therapeutic exercise, hydrotherapy, massage, and electrical stimulation to help animals recover from injury, surgery, or manage chronic conditions.","Post-surgical recovery, arthritis, neurological conditions, obesity, sports injuries, geriatric mobility",physical-therapy-rehabilitation,All
Laser Therapy,"Low-level laser therapy (LLLT) or cold laser therapy uses specific wavelengths of light to stimulate healing at the cellular level. It's non-invasive and can help reduce pain and inflammation.","Wound healing, arthritis, post-surgical recovery, skin conditions, ear infections, dental disease",laser-therapy,All
Massage Therapy,"Veterinary massage therapy uses hands-on manipulation of soft tissues to relieve muscle tension, improve circulation, and promote relaxation. It can be especially beneficial for aging pets and those recovering from injury or surgery.","Muscle tension, post-surgical recovery, anxiety, arthritis, circulation issues, senior pet care",massage-therapy,All
Hydrotherapy,"Hydrotherapy uses water resistance and buoyancy to support low-impact exercise and rehabilitation. Underwater treadmills and swim therapy help animals rebuild strength and mobility without placing stress on injured joints or limbs.","Post-surgical recovery, arthritis, hip dysplasia, obesity, neurological conditions, sports injuries",hydrotherapy,"Dogs, Horses"
Ozone Therapy,"Ozone therapy introduces medical-grade ozone — a highly reactive form of oxygen — to stimulate the immune system, reduce inflammation, and combat pathogens. It can be administered via injection, insufflation, or topically to treat a variety of chronic and infectious conditions.","Infections, chronic pain, cancer support, immune disorders, skin conditions, dental disease",ozone-therapy,"Dogs, Cats"
Flower Essence Therapy,"Flower essence therapy uses highly diluted plant preparations to address emotional imbalances and behavioral issues in animals. Based on the work of Dr. Edward Bach, these remedies are considered safe, gentle, and complementary to other treatments.","Anxiety, fear, aggression, grief, trauma, behavioral issues, stress",flower-essence-therapy,All
Prolotherapy,"Prolotherapy involves injecting a natural irritant solution — typically dextrose — into damaged joints or ligaments to stimulate the body's healing response and strengthen connective tissue. It is used to treat chronic musculoskeletal pain and joint instability.","Joint instability, chronic pain, ligament injuries, arthritis, hip dysplasia, sports injuries",prolotherapy,"Dogs, Horses"
Essential Oil Therapy,"Essential oil therapy (aromatherapy) uses concentrated plant-derived oils to support emotional wellbeing and address minor physical complaints. Veterinary aromatherapists are trained to select species-safe oils and appropriate dilutions for animal use.","Anxiety, skin conditions, respiratory support, behavioral issues, wound care, stress",essential-oil-therapy,"Dogs, Cats"
Stem Cell Therapy,"Veterinary stem cell therapy uses a patient's own fat-derived stem cells to promote healing and reduce inflammation in damaged tissues. It is a regenerative medicine approach that has shown promise for orthopedic and inflammatory conditions.","Arthritis, hip dysplasia, ligament injuries, inflammatory bowel disease, kidney disease, chronic pain",stem-cell-therapy,"Dogs, Cats, Horses"
